{"cameraMode":{"drawMode":0,"name":"Shaded","section":"Shading Mode"},"sceneLighting":true,"audioPlay":false,"sceneViewState":{"showFog":true,"showMaterialUpdate":false,"showSkybox":true,"showFlares":true,"showImageEffects":true,"showParticleSystems":true},"in2DMode":false,"pivot":{"x":-5.623927116394043,"y":-4.893157005310059,"z":-4.854364395141602},"rotation":{"x":-0.12400787323713303,"y":0.8577353358268738,"z":-0.24461299180984498,"w":-0.43483710289001467},"size":7.0550456047058109,"orthographic":false}