{"cameraMode":{"drawMode":0,"name":"Shaded","section":"Shading Mode"},"sceneLighting":true,"audioPlay":false,"sceneViewState":{"showFog":true,"showMaterialUpdate":false,"showSkybox":true,"showFlares":true,"showImageEffects":true,"showParticleSystems":true},"in2DMode":false,"pivot":{"x":-2.1101295948028566,"y":3.843651533126831,"z":4.085699081420898},"rotation":{"x":-0.07114030420780182,"y":-0.9288536906242371,"z":0.26038050651550295,"w":-0.2537793219089508},"size":1.1445523500442505,"orthographic":false}